Epoch,Training Loss,Training Gradient Norm,Training Time (s),Test Loss,Test Gradient Norm,Test Accuracy
1,0.6799444460868835,0.11681350548771104,0.1520402431488037,0.6660322546958923,0.21505029358552807,0.6150000095367432
2,0.6650882649421692,0.10635638293440777,0.04224896430969238,0.6613403558731079,0.20588904140067724,0.6150000095367432
3,0.6571407103538514,0.10507879326745939,0.03638911247253418,0.6594753265380859,0.20473810900957398,0.6150000095367432
4,0.6497618246078491,0.10434176397949554,0.038263797760009766,0.6585263609886169,0.20540303345002775,0.6150000095367432
5,0.642298424243927,0.10365027170711243,0.034761905670166016,0.6573392748832703,0.20556912114731682,0.6150000095367432
6,0.6356324577331542,0.10198364764325052,0.04475808143615723,0.6556347012519836,0.20404829548288955,0.6150000095367432
7,0.6282910132408142,0.1012795196633573,0.05994606018066406,0.654365599155426,0.20436649848316202,0.6150000095367432
8,0.6216240644454956,0.10014225874247752,0.08429503440856934,0.6530282497406006,0.20378958285215784,0.6150000095367432
9,0.615002293586731,0.09945731826459679,0.05019021034240723,0.651852548122406,0.20395292578929775,0.6150000095367432
10,0.6086574602127075,0.09805283041850728,0.04843902587890625,0.6501927971839905,0.20271153842114115,0.6150000095367432
11,0.6021443152427673,0.0978946187726304,0.08045005798339844,0.6493644118309021,0.20376881776940534,0.6150000095367432
12,0.5959414672851563,0.09644605686993264,0.03626298904418945,0.6477257609367371,0.20277275208557466,0.6150000095367432
13,0.5895104694366455,0.09537366134688453,0.03452801704406738,0.6465280652046204,0.20225590947775265,0.6150000095367432
14,0.5835247230529785,0.09441581018200963,0.03707599639892578,0.6452557444572449,0.20185902892488594,0.6150000095367432
15,0.5776287484169006,0.09356625691132393,0.03236198425292969,0.6438976526260376,0.20158105198754164,0.6150000095367432
16,0.5717630791664123,0.09259030752769284,0.03069901466369629,0.642764151096344,0.201070668095177,0.6150000095367432
17,0.5662491989135742,0.0920320465407494,0.03261590003967285,0.6418972611427307,0.20132124949878227,0.6150000095367432
18,0.5609455084800721,0.09127951954517675,0.031954050064086914,0.640791654586792,0.20114274580662572,0.6150000095367432
19,0.5555390644073487,0.09032108685685121,0.03481888771057129,0.6395754814147949,0.20066147815492213,0.6150000095367432
20,0.5500702595710755,0.08964845149119666,0.03524589538574219,0.6386886835098267,0.2005994762158798,0.6150000095367432
21,0.5449860548973083,0.08843677192058574,0.03159904479980469,0.6373988389968872,0.199382176412676,0.6150000095367432
22,0.5397452163696289,0.08799915316480074,0.02839803695678711,0.6366052627563477,0.19994890813722885,0.6349999904632568
23,0.5350488770008087,0.0872613552022505,0.02846527099609375,0.6355291604995728,0.19969975636035328,0.6399999856948853
24,0.5300825715065003,0.08611114546988871,0.02872610092163086,0.6343546509742737,0.19869111077659873,0.6349999904632568
25,0.524898589849472,0.08559575373725489,0.028140783309936523,0.633601188659668,0.19898291869668602,0.6499999761581421
26,0.5201639711856842,0.08549287561152971,0.029011011123657227,0.6330521106719971,0.19943755383329279,0.6499999761581421
27,0.5158552098274231,0.08505240021664226,0.029664993286132812,0.6321274042129517,0.1994156084651353,0.6499999761581421
28,0.5114028608798981,0.08512357504729356,0.028789758682250977,0.6315898299217224,0.1998104009704115,0.6499999761581421
29,0.5071647334098816,0.08331899565554576,0.027440309524536133,0.6305237412452698,0.19864109270850625,0.6549999713897705
30,0.5028395652770996,0.08194095535035541,0.03008294105529785,0.629459023475647,0.197529422863463,0.6499999761581421
31,0.49861219644546506,0.08173987973030156,0.028418779373168945,0.6287521123886108,0.1979697961649695,0.6600000262260437
32,0.4942963516712189,0.08079130861704183,0.027168989181518555,0.6277365684509277,0.19737419746618712,0.6549999713897705
33,0.4902570307254791,0.08021204828933229,0.02755427360534668,0.6268775463104248,0.19722532659716768,0.6600000262260437
34,0.48595451831817627,0.079996482753034,0.027502059936523438,0.6262661218643188,0.1974227430918498,0.6700000166893005
35,0.4822716164588928,0.07873343722368609,0.02732372283935547,0.6251696944236755,0.1964402063153787,0.6600000262260437
36,0.47805649757385255,0.07874090492966317,0.02706599235534668,0.6247104406356812,0.19695595733044421,0.6700000166893005
37,0.47443118691444397,0.07813564595697275,0.02735614776611328,0.624184250831604,0.19679359161641855,0.6700000166893005
38,0.4709397983551025,0.0773934985522832,0.026970863342285156,0.6234215497970581,0.19645133623593555,0.6700000166893005
39,0.4672591245174408,0.07694431267676197,0.02724480628967285,0.6227599382400513,0.19639399066655108,0.6700000166893005
40,0.4634298491477966,0.07713123640169847,0.02861809730529785,0.6222788691520691,0.19675336525303502,0.6700000166893005
41,0.4600732159614563,0.07585043030240296,0.028342008590698242,0.6214694380760193,0.19604523362813236,0.6700000166893005
42,0.45671812653541566,0.07511600117845141,0.027734041213989258,0.6208925843238831,0.1957337740698807,0.6700000166893005
43,0.4532205772399902,0.07460642862671703,0.027058124542236328,0.6201898455619812,0.195571509170891,0.6700000166893005
44,0.44982638120651247,0.07484656478099204,0.02739405632019043,0.6197782754898071,0.19594062548100372,0.6700000166893005
45,0.4466668713092804,0.07408262721813859,0.027298927307128906,0.619072675704956,0.19559745440899995,0.6700000166893005
46,0.44326371073722837,0.07340094094606929,0.02753925323486328,0.6184430122375488,0.19532873201805204,0.6700000166893005
47,0.4402029061317444,0.07315892197592824,0.02771615982055664,0.6178278923034668,0.19531781721298055,0.6650000214576721
48,0.4369103264808655,0.0728002092642234,0.02689814567565918,0.6172370314598083,0.19522819604834238,0.6800000071525574
49,0.4341049325466156,0.07180259188554257,0.027359962463378906,0.6166943907737732,0.1947774031700391,0.6700000166893005
50,0.43062532782554624,0.07168575536563271,0.029129981994628906,0.6162943840026855,0.19485881728010462,0.6800000071525574
51,0.42787627220153807,0.07054105902109217,0.028258085250854492,0.6155893206596375,0.19427613533657764,0.6700000166893005
52,0.42486520648002624,0.07121647363308192,0.026796817779541016,0.6154236793518066,0.19484660481872784,0.675000011920929
53,0.4219299149513245,0.07003035305271053,0.027538061141967773,0.6147422790527344,0.1942752017715853,0.6800000071525574
54,0.41893415808677675,0.0702137573842248,0.027630090713500977,0.6143118143081665,0.19447560471919817,0.675000011920929
55,0.41641244292259216,0.06992614839147203,0.027914047241210938,0.6138038039207458,0.19442522063491588,0.6800000071525574
56,0.4136875855922699,0.0698697052114992,0.028753042221069336,0.6134212613105774,0.19449289680120677,0.6800000071525574
57,0.41094006538391115,0.06818943216891074,0.028481006622314453,0.6128045320510864,0.19372437546212637,0.6800000071525574
58,0.4081148827075958,0.06792961296056964,0.028202295303344727,0.6123306751251221,0.19368312218409578,0.6800000071525574
59,0.40548078179359437,0.06730616941393693,0.027196884155273438,0.611821174621582,0.1934389371039055,0.6800000071525574
60,0.402766740322113,0.0670527374650492,0.028975963592529297,0.6114715337753296,0.19340831863159974,0.6800000071525574
61,0.4003085780143738,0.0665921038676121,0.028077125549316406,0.611003577709198,0.1932543181268274,0.6800000071525574
62,0.39775470733642576,0.06646366638235937,0.027577877044677734,0.610619068145752,0.19326778896441504,0.6800000071525574
63,0.3954815363883972,0.06589494143557713,0.02701711654663086,0.610041618347168,0.19304337003594774,0.675000011920929
64,0.3927997636795044,0.06594007500447016,0.027251005172729492,0.6096899509429932,0.193131720803921,0.675000011920929
65,0.3906827449798584,0.06516580894911995,0.02802300453186035,0.6092008352279663,0.19283604459872097,0.6800000071525574
66,0.3880948507785797,0.06493999025576584,0.027045011520385742,0.6088246703147888,0.19279324617618238,0.6700000166893005
67,0.38597306728363034,0.06421243557678705,0.02731800079345703,0.6084073781967163,0.19254146154838006,0.675000011920929
68,0.38329371213912966,0.0651428860282816,0.02714395523071289,0.6082214117050171,0.1930003912896248,0.675000011920929
69,0.3815122556686401,0.06395897065757163,0.02740001678466797,0.6076376438140869,0.19251684540563901,0.675000011920929
70,0.37936091780662534,0.06350092607697029,0.028847217559814453,0.6073148846626282,0.19238495998008484,0.675000011920929
71,0.3769729495048523,0.06368526422885407,0.02774786949157715,0.6069012880325317,0.19248328508522966,0.675000011920929
72,0.37459969997406006,0.06277739788391552,0.027894020080566406,0.6065152287483215,0.19217216707921742,0.675000011920929
73,0.37253579378128054,0.06287686265375186,0.027353763580322266,0.6062124967575073,0.1922426184539509,0.675000011920929
74,0.3705011188983917,0.061724982886278514,0.027256250381469727,0.6057779788970947,0.19185034620810287,0.675000011920929
75,0.36827131271362307,0.061971665660180246,0.026921987533569336,0.6055166125297546,0.1919842962435034,0.675000011920929
76,0.36631020307540896,0.06103739086789873,0.02748703956604004,0.6051745414733887,0.191691554789078,0.675000011920929
77,0.36426652550697325,0.061180168071957655,0.02707195281982422,0.6048742532730103,0.19176092542031742,0.675000011920929
78,0.3623142576217651,0.0611651680487589,0.027007102966308594,0.6046014428138733,0.1917861513086934,0.675000011920929
79,0.36019320249557496,0.0614399263687161,0.027446985244750977,0.6043687462806702,0.1919179069805002,0.6899999976158142
80,0.3583623695373535,0.06113020437943996,0.028097152709960938,0.6042076349258423,0.19186343552066387,0.6899999976158142
81,0.3564290928840637,0.06080490391400909,0.02892279624938965,0.6039094924926758,0.19177634596273288,0.6899999976158142
82,0.3544571304321289,0.060849942931422846,0.02702474594116211,0.6037177443504333,0.19183295818386617,0.6899999976158142
83,0.35269169211387635,0.059722587231385536,0.02710580825805664,0.6034644842147827,0.19149957306674056,0.6850000023841858
84,0.3506851410865784,0.05975830842101281,0.027144193649291992,0.6032039523124695,0.19152929130553298,0.6800000071525574
85,0.3490399432182312,0.059044406446448136,0.027134180068969727,0.6029162406921387,0.1913257458846169,0.6850000023841858
86,0.34712854146957395,0.0586731035783279,0.02745795249938965,0.6026238799095154,0.19122886626755053,0.6850000023841858
87,0.34532650470733645,0.05845888402101327,0.026874780654907227,0.6023567914962769,0.19117675523084912,0.675000011920929
88,0.3436100089550018,0.05861058208836992,0.0274200439453125,0.6021456718444824,0.1912375239880943,0.6800000071525574
89,0.34181920409202576,0.05822453832141124,0.027112960815429688,0.6018533706665039,0.19112689918457676,0.6800000071525574
90,0.34014851808547975,0.057284024137388034,0.0289609432220459,0.6015309691429138,0.19088371974088156,0.675000011920929
91,0.33833760261535645,0.057571948144068234,0.027621984481811523,0.6013762950897217,0.19097350970955007,0.6800000071525574
92,0.33663411855697634,0.05726681687571437,0.027297019958496094,0.6011546850204468,0.19090232939559343,0.6800000071525574
93,0.33493948101997373,0.05740511067442008,0.027564048767089844,0.6009937524795532,0.19095762564678462,0.6850000023841858
94,0.33349571585655213,0.056419439272799,0.0274810791015625,0.6006655097007751,0.19070665772857787,0.6800000071525574
95,0.3315870666503906,0.05718163039574876,0.02749800682067871,0.6005645394325256,0.19092441325381287,0.6850000023841858
96,0.33017170429229736,0.05668684329328857,0.02743697166442871,0.6003562808036804,0.19080766957745035,0.6850000023841858
97,0.3285539495944977,0.056120057371325506,0.027375221252441406,0.6000348925590515,0.190646884204594,0.6850000023841858
98,0.3268895328044891,0.056066786774455334,0.027301788330078125,0.5998931527137756,0.19065449793370534,0.6800000071525574
99,0.3252799880504608,0.056327060928791854,0.027372121810913086,0.5997771620750427,0.19074543007864367,0.6800000071525574
100,0.32375581622123717,0.056047452559234295,0.02917790412902832,0.5995944738388062,0.19068392671495663,0.6800000071525574
101,0.32231428384780886,0.0549531490159314,0.028386831283569336,0.5993080735206604,0.19042897043103363,0.675000011920929
102,0.3205988907814026,0.05546698432543571,0.02735280990600586,0.5991489887237549,0.19054667794447042,0.675000011920929
103,0.3192407560348511,0.05515479358571857,0.02721691131591797,0.5989017486572266,0.19047151780701563,0.675000011920929
104,0.3178300499916077,0.05443476285289429,0.02726006507873535,0.5986881256103516,0.19031632132118348,0.6700000166893005
105,0.3161895203590393,0.05418965364023188,0.02739405632019043,0.598571240901947,0.1902830821571303,0.6700000166893005
106,0.31475362062454226,0.05432167483116993,0.027369976043701172,0.5984750390052795,0.19032702038895719,0.6600000262260437
107,0.3133078324794769,0.054596042829186314,0.027415990829467773,0.5982769131660461,0.1903820190991119,0.6650000214576721
108,0.31202458024024965,0.05421829087675518,0.027325868606567383,0.5981067419052124,0.19029990595289661,0.6650000214576721
109,0.31080119252204896,0.05343425118473481,0.027584075927734375,0.5979808568954468,0.19015442950486341,0.6600000262260437
110,0.3092417931556702,0.053169997065647595,0.02927994728088379,0.597902774810791,0.1901283507215666,0.6600000262260437
111,0.3079725444316864,0.053139704570318,0.02843189239501953,0.597842276096344,0.1901397095526751,0.6600000262260437
112,0.3066401135921478,0.05311393365693261,0.027376890182495117,0.5976909399032593,0.19013617208656605,0.6650000214576721
113,0.30528186678886415,0.053510186883225445,0.027352094650268555,0.5976684093475342,0.19025187572365537,0.6700000166893005
114,0.3040565621852875,0.052503914836931245,0.02749490737915039,0.5974246859550476,0.1900347262886898,0.6650000214576721
115,0.3027311909198761,0.05165676726841438,0.027297019958496094,0.5971904993057251,0.18989029464273713,0.6600000262260437
116,0.301326789855957,0.05150381624506458,0.026859045028686523,0.5970206260681152,0.18985455010421612,0.6600000262260437
117,0.30012202858924864,0.05104834285859409,0.027439117431640625,0.5968698859214783,0.1897969207731953,0.6600000262260437
118,0.29871280550956725,0.05108762836965196,0.027565956115722656,0.5967613458633423,0.1897906819712288,0.6650000214576721
119,0.29738728165626527,0.05144892600190051,0.02713918685913086,0.5966400504112244,0.18983237227135719,0.6650000214576721
120,0.29634840846061705,0.051041381621018005,0.029400110244750977,0.5965408086776733,0.18978178384487482,0.6600000262260437
121,0.2949503719806671,0.05098228190486739,0.02765798568725586,0.5964705944061279,0.18978093571504698,0.6600000262260437
122,0.29389036536216734,0.05063729970633601,0.02779698371887207,0.5963751077651978,0.18973445301185776,0.6600000262260437
123,0.29267529606819154,0.05072424827378225,0.027406930923461914,0.5963211059570312,0.18976034753536603,0.6650000214576721
124,0.2914948880672455,0.050608275210984724,0.027423858642578125,0.5961970686912537,0.18973874835422772,0.6650000214576721
125,0.2902374821901321,0.05015637209760529,0.0271151065826416,0.5961151719093323,0.18968545490142355,0.6650000214576721
126,0.28899831771850587,0.05012814960656799,0.028047800064086914,0.5960084795951843,0.18967661212157352,0.6650000214576721
127,0.2879050475358963,0.04974912618976029,0.027343034744262695,0.5959142446517944,0.18962817796006376,0.6650000214576721
128,0.2867395281791687,0.04941188428356764,0.027955293655395508,0.5958179235458374,0.18959363824490966,0.6600000262260437
129,0.28560617327690124,0.04904000442880273,0.027369976043701172,0.5956653952598572,0.1895496431881862,0.6600000262260437
130,0.2844520366191864,0.04894350062772673,0.02892780303955078,0.5955579280853271,0.1895316979236052,0.6600000262260437
131,0.28339258253574373,0.0488224075405613,0.02854299545288086,0.5954604148864746,0.18951413036855055,0.6600000262260437
132,0.28214618742465974,0.048978881378331326,0.027685880661010742,0.5953586101531982,0.18952133015506004,0.6650000214576721
133,0.2811650085449219,0.04882566536455834,0.027493953704833984,0.5952574014663696,0.18949805771517714,0.6600000262260437
134,0.28014480888843535,0.048497236286816035,0.027704954147338867,0.5951600670814514,0.18946115715823642,0.6600000262260437
135,0.2790741664171219,0.048037199858091795,0.027669906616210938,0.5950941443443298,0.18943190193545265,0.6600000262260437
136,0.2779031777381897,0.048070265418790725,0.02757406234741211,0.5950124263763428,0.1894221200882406,0.6600000262260437
137,0.2769403123855591,0.047792146984968774,0.027575016021728516,0.5948970913887024,0.18939360372968728,0.6549999713897705
138,0.2758244562149048,0.04745908634863265,0.02771282196044922,0.5948481559753418,0.18937994918133624,0.6549999713897705
139,0.27468589901924134,0.047875171183740205,0.027101993560791016,0.5948205590248108,0.18940110437030314,0.6600000262260437
140,0.27377393424510954,0.04766000976097939,0.02914905548095703,0.5947363972663879,0.1893785496018627,0.6600000262260437
141,0.2727724719047546,0.0474659599252574,0.02898693084716797,0.5946586728096008,0.18935736764465055,0.6600000262260437
142,0.27177565097808837,0.047205547896814845,0.028056859970092773,0.5945571660995483,0.18932492882111124,0.6600000262260437
143,0.27070332467556,0.04729632517458699,0.027647972106933594,0.5944669246673584,0.18932109772940156,0.6600000262260437
144,0.26974267899990084,0.046650494893357576,0.02730107307434082,0.5943509936332703,0.18928012388186632,0.6600000262260437
145,0.2687045806646347,0.046795089282596236,0.027610063552856445,0.594276487827301,0.18927192395465053,0.6600000262260437
146,0.2677817434072495,0.04667873740115852,0.027571916580200195,0.5942686796188354,0.18926910360057236,0.6600000262260437
147,0.2666954916715622,0.046869764393620006,0.02750992774963379,0.5942429900169373,0.1892788911345822,0.6600000262260437
148,0.2658658736944199,0.04612669969199646,0.02762007713317871,0.5941753387451172,0.18924167157682498,0.6600000262260437
149,0.2649031662940979,0.04584287865265935,0.02767205238342285,0.5941448211669922,0.18923609136059907,0.6549999713897705
150,0.2639994388818741,0.045731924138394484,0.028588056564331055,0.5940946340560913,0.18922608766719862,0.6600000262260437
151,0.2630405461788177,0.045589155047540166,0.02843189239501953,0.594051718711853,0.1892194946968195,0.6600000262260437
152,0.26211523413658144,0.04548187517709476,0.02798295021057129,0.5939376354217529,0.18919305288114927,0.6600000262260437
153,0.2612200856208801,0.045366771922868844,0.027476787567138672,0.5939562320709229,0.18919673423933034,0.6600000262260437
154,0.2601234972476959,0.04549168622581343,0.02743697166442871,0.5939028263092041,0.18918529349454744,0.6549999713897705
155,0.25944769322872163,0.045219244881541276,0.027250051498413086,0.5938425660133362,0.18917304498953777,0.6549999713897705
156,0.25845577120780944,0.045094732687733806,0.027597904205322266,0.5938048362731934,0.1891674809585854,0.6549999713897705
157,0.2577308940887451,0.044616060868700194,0.027753829956054688,0.5937586426734924,0.18917090540265172,0.6549999713897705
158,0.25664650321006777,0.04474110783601108,0.02699589729309082,0.5937304496765137,0.18915398851494544,0.6549999713897705
159,0.2558374691009522,0.044431082877646105,0.02760910987854004,0.5937272906303406,0.18916230753575583,0.6549999713897705
160,0.2549796652793884,0.044709445032572646,0.0293731689453125,0.5937494039535522,0.18915930479427484,0.6600000262260437
161,0.25412199795246126,0.044499765218853585,0.028177976608276367,0.5937331914901733,0.18915741492958685,0.6600000262260437
162,0.25324631333351133,0.04439816357341094,0.027138948440551758,0.5936903953552246,0.1891496407250848,0.6600000262260437
163,0.2524529314041138,0.044054561252621145,0.027403831481933594,0.5937049984931946,0.189158626283759,0.6549999713897705
164,0.25156314432621,0.04378230992521341,0.027697086334228516,0.593680202960968,0.18916130147905025,0.6549999713897705
165,0.25073564231395723,0.04370672234868922,0.027797222137451172,0.5936539173126221,0.18915248210431085,0.6600000262260437
166,0.2498663032054901,0.04393772191964497,0.027233123779296875,0.5936288833618164,0.18913524798240486,0.6600000262260437
167,0.24911389291286468,0.04373902979845975,0.027187108993530273,0.593578577041626,0.18912540782337456,0.6600000262260437
168,0.24828561902046203,0.04370287523897368,0.027424097061157227,0.5935995578765869,0.1891289418863234,0.6600000262260437
169,0.2475592476129532,0.043282634545688106,0.02739095687866211,0.593584418296814,0.18914060489213214,0.6600000262260437
170,0.24674399316310883,0.04319603995327295,0.029263973236083984,0.5935729742050171,0.18914301029815594,0.6600000262260437
171,0.24592651247978212,0.04322041626818296,0.02831888198852539,0.5935848951339722,0.18913665362518362,0.6600000262260437
172,0.24514905393123626,0.04350351666880654,0.027287006378173828,0.5935755372047424,0.18913055939587334,0.6600000262260437
173,0.24448345601558685,0.0431014768691838,0.027391910552978516,0.5935060381889343,0.18911769465235906,0.6600000262260437
174,0.24361150860786437,0.042670837758837135,0.027524948120117188,0.5934202671051025,0.1891169931293219,0.6600000262260437
175,0.24273139357566834,0.04252824629826303,0.027550935745239258,0.5933716297149658,0.1891112593963134,0.6600000262260437
176,0.24198704838752746,0.04218814580378133,0.027354717254638672,0.5933523774147034,0.18913271753949545,0.6600000262260437
177,0.24113452672958374,0.04239553508393804,0.027150869369506836,0.5932932496070862,0.18908657082483987,0.6600000262260437
178,0.2404315662384033,0.04227477749987215,0.02716374397277832,0.5932262539863586,0.18907470623863626,0.6600000262260437
179,0.23968682765960694,0.04243551179280787,0.027045011520385742,0.5931991934776306,0.18905483780268767,0.6650000214576721
180,0.23907568871974946,0.04220881525518984,0.029631853103637695,0.5931394100189209,0.18904887519536806,0.6650000214576721
181,0.23835321366786957,0.04213874310329719,0.028275012969970703,0.5930895805358887,0.1890372805237007,0.6650000214576721
182,0.2376137375831604,0.041793611696419555,0.02777099609375,0.593106746673584,0.18905554487490997,0.6650000214576721
183,0.23683051705360414,0.04175689649568638,0.02793717384338379,0.5931309461593628,0.18905882009358624,0.6650000214576721
184,0.23609148919582368,0.041586250432074194,0.027760982513427734,0.5931093692779541,0.18905945312030087,0.6650000214576721
185,0.2354063296318054,0.04135294886200036,0.027177095413208008,0.5931137800216675,0.189075016962865,0.6650000214576721
186,0.2347104072570801,0.0412787639519019,0.027487993240356445,0.5930799841880798,0.1890652541460071,0.6650000214576721
187,0.23399416565895081,0.041287752300251356,0.027529001235961914,0.5930727124214172,0.18905157626916216,0.6650000214576721
188,0.2333371138572693,0.041446784193020385,0.027476072311401367,0.5930671691894531,0.1890295684034506,0.6700000166893005
189,0.23270784616470336,0.04114391403744651,0.027552127838134766,0.5930650234222412,0.18904734422984715,0.6700000166893005
190,0.23184688448905943,0.04126641488427692,0.029376983642578125,0.5930426120758057,0.18902922159667188,0.6700000166893005
191,0.23127570629119873,0.041001517113145154,0.028751850128173828,0.5930275321006775,0.1890390049051447,0.6700000166893005
192,0.23062069833278656,0.04078417593536592,0.027221202850341797,0.5930238962173462,0.18905281388916348,0.6700000166893005
193,0.22988979041576385,0.040721727857728,0.027177095413208008,0.5930062532424927,0.1890438092834284,0.6700000166893005
194,0.22930543959140778,0.04042067956839844,0.02743983268737793,0.5930605530738831,0.1890793047543476,0.6700000166893005
195,0.22858752846717834,0.04013491661061997,0.027963876724243164,0.5930635333061218,0.1891090643272075,0.6650000214576721
196,0.2279474037885666,0.03982829123302086,0.027471065521240234,0.5930163860321045,0.1891447031356076,0.6650000214576721
197,0.22711648166179657,0.04012075103294829,0.027591943740844727,0.5930027961730957,0.18907068516434689,0.6700000166893005
198,0.2265201997756958,0.04027188676979937,0.02730107307434082,0.5930168628692627,0.1890463951204836,0.6700000166893005
199,0.2259786182641983,0.040114679238749236,0.027369022369384766,0.5929902195930481,0.1890478696648476,0.6700000166893005
200,0.22528192818164824,0.040236579800903116,0.02935194969177246,0.5929520726203918,0.18902014755272656,0.6700000166893005
201,0.2246832072734833,0.040108631606319646,0.028542041778564453,0.5929586887359619,0.1890216989282268,0.6700000166893005
202,0.22399990499019623,0.03995855414413537,0.027688026428222656,0.5928856730461121,0.18901134868734085,0.6700000166893005
203,0.22343184173107147,0.03977726720292332,0.0277099609375,0.5928957462310791,0.1890211696225181,0.6700000166893005
204,0.2227034866809845,0.03977322067535193,0.027513980865478516,0.5929040312767029,0.1890154000315068,0.6700000166893005
205,0.22209130108356476,0.0401219297352439,0.02725505828857422,0.5928955078125,0.1889854649319502,0.675000011920929
206,0.22162248134613038,0.03950322050841063,0.027273893356323242,0.592920184135437,0.18902705636941386,0.6700000166893005
207,0.22087393641471864,0.039410694934694936,0.027078866958618164,0.5929369926452637,0.1890314055964545,0.6700000166893005
208,0.2202909457683563,0.039269645017201635,0.027109861373901367,0.5929643511772156,0.18904813474760562,0.6700000166893005
209,0.21970483124256135,0.03917932534875556,0.02739882469177246,0.5929988622665405,0.18905593859421274,0.6700000166893005
210,0.21905274629592897,0.03923915347708865,0.028840065002441406,0.5930265188217163,0.18904413378600252,0.6700000166893005
211,0.21847325325012207,0.039210173263609996,0.028961896896362305,0.5930562615394592,0.18904308816183565,0.6700000166893005
212,0.21786028504371643,0.03896814073941919,0.027514934539794922,0.5930303335189819,0.18905335005137727,0.6700000166893005
213,0.21719660222530365,0.038896599008288395,0.027194738388061523,0.5930551290512085,0.18905864894287608,0.675000011920929
214,0.21669550001621246,0.03883169347100925,0.02758502960205078,0.5930570960044861,0.189053501425538,0.675000011920929
215,0.2161055499315262,0.03862532840760193,0.027184009552001953,0.5930829048156738,0.18907250984700857,0.675000011920929
216,0.21549934327602385,0.038434265690870315,0.027550935745239258,0.5931299924850464,0.189100281034726,0.6650000214576721
217,0.21490793526172638,0.03863523099761283,0.027525901794433594,0.5931432843208313,0.1890667778258628,0.675000011920929
218,0.21435504019260407,0.03842107767679835,0.027228116989135742,0.5931295156478882,0.18907736265959318,0.675000011920929
219,0.2137295722961426,0.03843346093286342,0.027959823608398438,0.5931581258773804,0.18907259234155668,0.675000011920929
220,0.21324845492839814,0.03828106454682572,0.02919769287109375,0.5931860208511353,0.18908601599288186,0.675000011920929
221,0.2126614612340927,0.038105979190316865,0.02847003936767578,0.5932347774505615,0.1891078862302434,0.675000011920929
222,0.21208398580551147,0.03822882793364623,0.028241872787475586,0.5932253003120422,0.18908120361485856,0.675000011920929
223,0.21161579191684723,0.038022230167450224,0.027470111846923828,0.5932921171188354,0.18911043722103085,0.675000011920929
224,0.211059730052948,0.0378881580160316,0.027521848678588867,0.5933405756950378,0.1891296593754679,0.675000011920929
225,0.21047454595565795,0.03761833536574192,0.027630090713500977,0.5933631658554077,0.18916216762668914,0.6650000214576721
226,0.2098900294303894,0.03756297429537323,0.02722311019897461,0.5934258103370667,0.18917074636166478,0.6700000166893005
227,0.20934215545654297,0.03752167008584639,0.028424978256225586,0.5934432148933411,0.18916774490793786,0.6700000166893005
228,0.20886484742164613,0.03741800408988502,0.028670787811279297,0.5934107899665833,0.1891675410202431,0.6700000166893005
229,0.2083066374063492,0.03763265216285854,0.028869152069091797,0.5934213399887085,0.18912787937395067,0.6800000071525574
230,0.20783835172653198,0.03751714335571775,0.030417203903198242,0.5934573411941528,0.1891427043703138,0.6800000071525574
231,0.20731978058815004,0.03717976843652378,0.028803110122680664,0.5935232043266296,0.18919615961853212,0.6700000166893005
232,0.2068069714307785,0.037153707695380615,0.027632713317871094,0.5935565233230591,0.18919312682264292,0.6700000166893005
233,0.20620896220207213,0.03702009498614824,0.027359962463378906,0.5935915112495422,0.18921151225834332,0.6700000166893005
234,0.20575224578380585,0.03676280035678786,0.02782607078552246,0.5936118960380554,0.18925251848562083,0.6700000166893005
235,0.2051554638147354,0.036865245496082215,0.02752685546875,0.5936384797096252,0.18922506472894948,0.675000011920929
236,0.20473865449428558,0.03665582842118675,0.027805805206298828,0.5936692357063293,0.1892567324451495,0.6700000166893005
237,0.20416862189769744,0.036749376735371056,0.027495861053466797,0.5937225222587585,0.18923931515053946,0.675000011920929
238,0.20370091915130614,0.03662690865678497,0.027352094650268555,0.593783438205719,0.18926185867150705,0.675000011920929
239,0.20321672677993774,0.036393876516302014,0.027760744094848633,0.5938480496406555,0.18930829970148275,0.675000011920929
240,0.20274146914482116,0.036355815816235024,0.029107093811035156,0.5938623547554016,0.18929993323088468,0.675000011920929
241,0.20229386210441588,0.036114207515029764,0.028380870819091797,0.5938848257064819,0.1893438735287517,0.675000011920929
242,0.2017110013961792,0.03623563029206599,0.02769327163696289,0.5938931107521057,0.18930241860008565,0.675000011920929
243,0.2012436157464981,0.03630182692586266,0.027323007583618164,0.5938804745674133,0.18927297484093153,0.675000011920929
244,0.2007693326473236,0.03621103990935265,0.02696084976196289,0.5939069390296936,0.18928168335126846,0.675000011920929
245,0.20028212547302246,0.0359585048022673,0.027592897415161133,0.5939627289772034,0.18932714714379298,0.675000011920929
246,0.19978700816631317,0.035896944364896016,0.027570009231567383,0.5940148830413818,0.1893333720977198,0.675000011920929
247,0.19927610397338869,0.03612272932091285,0.028437137603759766,0.5940424203872681,0.1892826627439392,0.675000011920929
248,0.19886503338813782,0.0360185036471385,0.029599428176879883,0.5941000580787659,0.1892991953830814,0.675000011920929
249,0.19839292228221894,0.03597837841564805,0.027411222457885742,0.5941637754440308,0.18930481294262008,0.675000011920929
250,0.1979576462507248,0.03599580805346203,0.02904987335205078,0.5941799879074097,0.1892925199156277,0.675000011920929
251,0.19745363414287567,0.03564781095443824,0.028973102569580078,0.5942387580871582,0.18935002689807806,0.675000011920929
252,0.1969688904285431,0.035475447890625435,0.027564048767089844,0.5942917466163635,0.18938066529194653,0.675000011920929
253,0.1964737766981125,0.03544701113933657,0.027405738830566406,0.5943061709403992,0.18937293037566125,0.675000011920929
254,0.19607285559177398,0.03531616663392725,0.02712392807006836,0.5943312644958496,0.18939220384387737,0.675000011920929
255,0.1956465870141983,0.035398021100033455,0.027299880981445312,0.5943710207939148,0.1893689236199603,0.675000011920929
256,0.195147265791893,0.035187997811368416,0.027386903762817383,0.59442538022995,0.18941134716133534,0.675000011920929
257,0.19467799305915834,0.035061372255437935,0.027521133422851562,0.5944516062736511,0.18942967160710278,0.675000011920929
258,0.1942973530292511,0.03506915483468009,0.02765488624572754,0.5944529175758362,0.18941259923919765,0.675000011920929
259,0.19386018991470336,0.03495193031623196,0.027380943298339844,0.5944643616676331,0.18942507101927747,0.675000011920929
260,0.19336406767368317,0.034852858625344416,0.029627084732055664,0.594505250453949,0.18944294744602538,0.675000011920929
261,0.19297374844551085,0.03474370312064681,0.028148412704467773,0.5945482850074768,0.18946221655395956,0.675000011920929
262,0.19254680573940278,0.03453335134592803,0.02755570411682129,0.5946038961410522,0.18951326992935114,0.675000011920929
263,0.19200106024742125,0.03467004773475798,0.027419328689575195,0.5946281552314758,0.1894676707338724,0.675000011920929
264,0.19161202192306517,0.03460677317993899,0.027629613876342773,0.5946672558784485,0.18947303042809407,0.675000011920929
265,0.1911589539051056,0.034558799669232906,0.027385950088500977,0.594684362411499,0.18947139533767327,0.675000011920929
266,0.1907914870977402,0.034320715516915436,0.02746129035949707,0.5947218537330627,0.18952478171595646,0.675000011920929
267,0.1903681528568268,0.03440883375017878,0.027499914169311523,0.5947675108909607,0.18949238740210506,0.675000011920929
268,0.18994380354881288,0.03436197844157057,0.027827978134155273,0.594833254814148,0.18950157080749408,0.675000011920929
269,0.189494726061821,0.03435988325142662,0.02676701545715332,0.5948643088340759,0.18949142310087516,0.675000011920929
270,0.1890826553106308,0.03424717280519462,0.0292508602142334,0.594860851764679,0.18950218180668302,0.675000011920929
271,0.18868188679218292,0.034194300243622015,0.028393983840942383,0.5949006676673889,0.18951254741866477,0.675000011920929
272,0.18829839706420898,0.03404808670005345,0.02776193618774414,0.5949023365974426,0.1895331646263354,0.675000011920929
273,0.18784675657749175,0.034003132668888984,0.027542829513549805,0.5949618816375732,0.18953895147914526,0.675000011920929
274,0.1874644422531128,0.03391916485751621,0.027589797973632812,0.5950102210044861,0.18955372219469585,0.675000011920929
275,0.18709079802036285,0.03381733549853737,0.027281999588012695,0.595090925693512,0.18958148807194058,0.675000011920929
276,0.18659020125865936,0.03366848160629349,0.027437925338745117,0.5951919555664062,0.18962681420309258,0.675000011920929
277,0.1861468529701233,0.0337470250147371,0.027441978454589844,0.595177412033081,0.18958634885558182,0.675000011920929
278,0.18583510518074037,0.0335073841416657,0.027585983276367188,0.5952304601669312,0.18965009682028505,0.675000011920929
279,0.1854370814561844,0.03344875637535391,0.02769303321838379,0.5952607989311218,0.18965229687169305,0.675000011920929
280,0.18490888118743898,0.03356163320654151,0.029402971267700195,0.5952532887458801,0.18960259741097465,0.6800000071525574
281,0.184540491104126,0.033570100916142764,0.028941869735717773,0.5953282713890076,0.18960073833127175,0.6800000071525574
282,0.1841999489068985,0.03342703122791889,0.027576684951782227,0.5953539609909058,0.18962634094009875,0.6800000071525574
283,0.1838222062587738,0.0332913769118982,0.02747488021850586,0.595391571521759,0.18965611392259596,0.6800000071525574
284,0.1834177267551422,0.033206843526939755,0.027410030364990234,0.595466136932373,0.18968041505403443,0.6800000071525574
285,0.182989986538887,0.033242321088436014,0.027946949005126953,0.5955103039741516,0.18966561934580467,0.6700000166893005
286,0.1826355701684952,0.033084309812441974,0.027519941329956055,0.5955151319503784,0.18969440789483824,0.6700000166893005
287,0.18231291711330413,0.03290058635236071,0.027554035186767578,0.5955948829650879,0.18975207972634903,0.6700000166893005
288,0.18183704435825349,0.03289865571088926,0.027493953704833984,0.5956546664237976,0.18974912923291085,0.6700000166893005
289,0.18144971549510955,0.032721740973592116,0.02739405632019043,0.5957117676734924,0.18979924149085886,0.6700000166893005
290,0.18106182515621186,0.032691230124672996,0.02914714813232422,0.595779299736023,0.18980321391454377,0.6700000166893005
291,0.1807015573978424,0.03262802882297967,0.028410911560058594,0.5957959890365601,0.18980920553566455,0.6700000166893005
292,0.180287646651268,0.032722001724521235,0.027750730514526367,0.5958020687103271,0.18976227442739838,0.675000011920929
293,0.180032662153244,0.03260785466850236,0.027753114700317383,0.595862627029419,0.18979135312392967,0.6700000166893005
294,0.17954475820064544,0.032592598045028266,0.027118921279907227,0.5958758592605591,0.18978160570255778,0.675000011920929
295,0.1792105394601822,0.032614589204576445,0.027174949645996094,0.5959489941596985,0.18977345378994753,0.675000011920929
296,0.17888351023197174,0.032426762813327174,0.027627229690551758,0.5959970355033875,0.18982518796925174,0.675000011920929
297,0.17844249486923217,0.0324185541007151,0.027213096618652344,0.5960562229156494,0.18982306771146618,0.675000011920929
298,0.17810502052307128,0.032514783066717214,0.027652263641357422,0.5960519909858704,0.18977623498277196,0.675000011920929
299,0.17774232506752013,0.03251771289220172,0.027297019958496094,0.5960896611213684,0.1897679035275461,0.675000011920929
300,0.17736904799938202,0.03251448042386289,0.029742002487182617,0.596139132976532,0.18976408112405763,0.675000011920929
301,0.1770815807580948,0.032295003274915204,0.02785205841064453,0.596184253692627,0.18981543494439393,0.675000011920929
302,0.17670735597610474,0.03199703932861265,0.02765178680419922,0.5962634086608887,0.18991133247144684,0.675000011920929
303,0.17637450873851776,0.03189351211840639,0.027310848236083984,0.5963389873504639,0.1899444998633889,0.675000011920929
304,0.17593942880630492,0.03197192682143517,0.027544021606445312,0.5963347554206848,0.18989648110878501,0.675000011920929
305,0.17564811646938325,0.031843291512899996,0.029880046844482422,0.5963821411132812,0.18992675809570467,0.675000011920929
306,0.17524603128433228,0.03187062861412227,0.029826879501342773,0.5964041948318481,0.1899028338580814,0.675000011920929
307,0.1749161297082901,0.031846125234884066,0.02953505516052246,0.5964599847793579,0.18990342416810563,0.675000011920929
308,0.17462437093257904,0.03176843686317701,0.030298709869384766,0.5964956879615784,0.1899186101714896,0.675000011920929
309,0.1742260855436325,0.03171560740655675,0.029847145080566406,0.5965093374252319,0.18992360207730144,0.675000011920929
310,0.17391595840454102,0.03166315570628701,0.03380084037780762,0.5965332388877869,0.1899267310652347,0.675000011920929
311,0.17356298089027405,0.031571165713386556,0.032460927963256836,0.596592366695404,0.18995300570668552,0.675000011920929
312,0.17326192796230316,0.03149074836882516,0.029608964920043945,0.5966213941574097,0.18997010243414214,0.675000011920929
313,0.17286018908023834,0.031523004166103256,0.029911041259765625,0.5966532826423645,0.1899484298480787,0.675000011920929
314,0.17269282400608063,0.031261422457207935,0.030232906341552734,0.5967220067977905,0.19003920276700115,0.675000011920929
315,0.1721786630153656,0.03141347430295205,0.02946186065673828,0.5967276692390442,0.1899655636294772,0.675000011920929
316,0.1719038861989975,0.03133289535718763,0.02905583381652832,0.5967854857444763,0.18998829240772175,0.675000011920929
317,0.1715786325931549,0.03127829995526113,0.02925705909729004,0.5968673825263977,0.19000748563448822,0.675000011920929
318,0.17125301599502563,0.031119871749919845,0.03029918670654297,0.5969384908676147,0.19005994790277297,0.675000011920929
319,0.17093526661396027,0.031143013089231293,0.029716968536376953,0.5969733595848083,0.19004133831353523,0.675000011920929
320,0.1706031394004822,0.03108312530382072,0.031777143478393555,0.5970122814178467,0.19004843599316268,0.675000011920929
321,0.17024753630161285,0.030971169721246826,0.030324935913085938,0.597062349319458,0.1900790703472926,0.675000011920929
322,0.1699369877576828,0.03095454026322552,0.02953791618347168,0.597083330154419,0.19006891784411825,0.675000011920929
323,0.1696341061592102,0.03088310826368451,0.030266761779785156,0.5971548557281494,0.1900924794999678,0.675000011920929
324,0.16934443771839142,0.030786076083315846,0.030725955963134766,0.5972055196762085,0.19012295235390203,0.675000011920929
325,0.16896361470222473,0.030716817668707447,0.029473066329956055,0.59723299741745,0.19013794839388856,0.675000011920929
326,0.16866151452064515,0.030674767943492793,0.029145002365112305,0.5972701907157898,0.1901439464100221,0.675000011920929
327,0.16836399912834168,0.030737392952668877,0.02991795539855957,0.5972636342048645,0.19009839485589267,0.6800000071525574
328,0.16803690612316133,0.030686004839610693,0.02919769287109375,0.5973237156867981,0.19011075495993812,0.6800000071525574
329,0.16772373974323274,0.030671943751163038,0.03075408935546875,0.5973666310310364,0.19010878980917392,0.6800000071525574
330,0.16745297431945802,0.030455023673981837,0.03102588653564453,0.5974562168121338,0.19019416256850732,0.6800000071525574
331,0.16710550606250762,0.030391824896126237,0.03129410743713379,0.5975239276885986,0.19021393646983698,0.6800000071525574
332,0.1668255203962326,0.030338071983013734,0.03136301040649414,0.5975760817527771,0.1902238172466906,0.6800000071525574
333,0.16641973912715913,0.030468559754381234,0.02812981605529785,0.5975823998451233,0.19015789314038115,0.6800000071525574
334,0.16615774393081664,0.030484640121392726,0.027640104293823242,0.5975942015647888,0.19013803230201345,0.6800000071525574
335,0.16593749940395355,0.03027546687947055,0.027911901473999023,0.5976678133010864,0.19021200060423823,0.6800000071525574
336,0.1655872482061386,0.03029863809752212,0.028003931045532227,0.5976834297180176,0.19018945410940763,0.6800000071525574
337,0.16527244806289673,0.03024424362172203,0.027781009674072266,0.5977426767349243,0.19020720936348837,0.6800000071525574
338,0.16493972659111023,0.030410554662626984,0.027606964111328125,0.597740888595581,0.19012974784455067,0.6800000071525574
339,0.16468944132328034,0.030266931089339807,0.027859926223754883,0.597807765007019,0.19017491366161346,0.6800000071525574
340,0.1644623988866806,0.030064517893111792,0.029918909072875977,0.5978438854217529,0.19024002937421675,0.6800000071525574
341,0.16409916341304778,0.030038146383266344,0.02805805206298828,0.5978677868843079,0.19023677992972446,0.6800000071525574
342,0.16381770610809326,0.029977969602032545,0.02771615982055664,0.5979034900665283,0.19024973249843868,0.6800000071525574
343,0.16348544359207154,0.030010765247538616,0.027420759201049805,0.5979414582252502,0.19022635840781996,0.6800000071525574
344,0.16329507112503053,0.03001761653532934,0.027660846710205078,0.5980246067047119,0.1902222387138446,0.6800000071525574
345,0.1629495269060135,0.029875911710247064,0.028439044952392578,0.5980861186981201,0.19027154727925205,0.6800000071525574
346,0.16265370666980744,0.029807678522345442,0.029401063919067383,0.5981296300888062,0.19028900252404288,0.6800000071525574
347,0.16236595511436464,0.02980504013994827,0.02935791015625,0.5982016921043396,0.19028800886533281,0.6800000071525574
348,0.1620812475681305,0.029745454207774864,0.03126811981201172,0.5982218980789185,0.19029463403617194,0.6800000071525574
349,0.1618029135465622,0.02969002262447316,0.0326688289642334,0.5982705950737,0.19030915529790782,0.6800000071525574
350,0.16155751168727875,0.029661725343834783,0.04680609703063965,0.5983147621154785,0.1903139486442104,0.6800000071525574
351,0.1612721163034439,0.029550520362445366,0.034648895263671875,0.5983843803405762,0.19035794604978334,0.6800000071525574
352,0.16097353637218476,0.029511354755015002,0.02999401092529297,0.5984166860580444,0.19036334677951267,0.6800000071525574
353,0.16072806417942048,0.02941042971014415,0.029884815216064453,0.598471999168396,0.190400140065745,0.6800000071525574
354,0.16045654296875,0.02931110198569188,0.030102968215942383,0.5985292792320251,0.1904367193090174,0.6800000071525574
355,0.1601929235458374,0.029216213251882613,0.03044414520263672,0.5985908508300781,0.19047088949707694,0.6800000071525574
356,0.15993984460830687,0.029011556767418324,0.030006885528564453,0.5986791849136353,0.19056929737979555,0.6800000071525574
357,0.15950399041175842,0.02924510910158384,0.030225276947021484,0.5986477136611938,0.19043051193516777,0.6800000071525574
358,0.1593182635307312,0.02910485725514686,0.030292987823486328,0.5986852645874023,0.19048130333145696,0.6800000071525574
359,0.15905901193618774,0.029048855101021523,0.029117822647094727,0.5987306833267212,0.19049721616387402,0.6800000071525574
360,0.15874044716358185,0.029173651340514948,0.035650014877319336,0.5987403392791748,0.19042497397814007,0.6800000071525574
361,0.15855690836906433,0.02909040138936927,0.03919196128845215,0.5987957119941711,0.19045615689119122,0.6800000071525574
362,0.15822398126125337,0.02909663391372753,0.03183794021606445,0.5988506078720093,0.19044959751617094,0.6800000071525574
363,0.15794181644916536,0.029184950384606844,0.032501935958862305,0.5988873839378357,0.19040599134750846,0.675000011920929
364,0.15777603149414063,0.028991656410918033,0.030187129974365234,0.5989553928375244,0.19048163693834225,0.675000011920929
365,0.15748204171657562,0.02894718627300812,0.030869007110595703,0.5990162491798401,0.19049680270949207,0.675000011920929
366,0.1571941727399826,0.028949827150329777,0.03285980224609375,0.5990440845489502,0.190485216378947,0.675000011920929
367,0.1569228571653366,0.028912213774980596,0.029204130172729492,0.5990902185440063,0.19049208443843405,0.675000011920929
368,0.15670958459377288,0.028811095107889467,0.03031325340270996,0.599145770072937,0.19052824000353566,0.675000011920929
369,0.15639943718910218,0.028869642489599702,0.029361963272094727,0.5991860032081604,0.19049461766873116,0.675000011920929
370,0.15615709483623505,0.028751703326100306,0.031713008880615234,0.5992492437362671,0.19053726199761253,0.675000011920929
371,0.1559339541196823,0.028600404807495972,0.03138399124145508,0.5993144512176514,0.19059919565226138,0.675000011920929
372,0.155639186501503,0.02856374390916236,0.03207898139953613,0.5993697643280029,0.1906081923311858,0.675000011920929
373,0.1554058986902237,0.02856677655281387,0.027678966522216797,0.5994095802307129,0.1905986715735803,0.675000011920929
374,0.15515516996383666,0.028509250525755463,0.027568817138671875,0.5994789600372314,0.19062110062253138,0.675000011920929
375,0.1548650860786438,0.028511164434867974,0.02796626091003418,0.5995115041732788,0.19060773335155531,0.675000011920929
376,0.1546569848060608,0.0284890890256814,0.027929067611694336,0.599560558795929,0.19060841713279883,0.675000011920929
377,0.15439147174358367,0.028453343498176024,0.027982234954833984,0.5996143817901611,0.1906197083436364,0.675000011920929
378,0.15418267011642456,0.02831969691157167,0.027538061141967773,0.5996832847595215,0.19067300708189439,0.675000011920929
379,0.15387961149215698,0.02830691155830146,0.027605056762695312,0.5997247099876404,0.19067117098271233,0.675000011920929
380,0.15365735530853272,0.028270195345970448,0.02932000160217285,0.5998024940490723,0.19068351359114652,0.675000011920929
381,0.15342436790466307,0.028140316511643136,0.029464006423950195,0.5998977422714233,0.19074542913915454,0.675000011920929
382,0.15314792960882187,0.028140784086133696,0.02788400650024414,0.599942147731781,0.1907340460179447,0.675000011920929
383,0.15295310020446778,0.028051398421232852,0.028177738189697266,0.5999955534934998,0.1907732420278941,0.675000011920929
384,0.152639918923378,0.028103487181060056,0.028004884719848633,0.6000149250030518,0.19073475593368872,0.675000011920929
385,0.15240951597690583,0.028083190700137085,0.02778911590576172,0.6000576615333557,0.19073490656487882,0.675000011920929
386,0.1521546024084091,0.028044681685968926,0.027888059616088867,0.600114643573761,0.19074387676706203,0.675000011920929
387,0.15191952824592592,0.028040639988167564,0.027537107467651367,0.60016268491745,0.1907384761949162,0.675000011920929
388,0.15167593836784363,0.028021314349023736,0.027521133422851562,0.6002136468887329,0.1907398307248262,0.675000011920929
389,0.15145574271678924,0.027953543264315223,0.027821063995361328,0.6002731919288635,0.19076295242445734,0.675000011920929
390,0.15118698358535768,0.027956115235141916,0.029780864715576172,0.600318193435669,0.19075499192161915,0.675000011920929
391,0.1509571361541748,0.02783588208214797,0.030839920043945312,0.6003837585449219,0.19080693223931758,0.675000011920929
392,0.150773823261261,0.027741607989876283,0.030007123947143555,0.6004359722137451,0.19084172913383118,0.675000011920929
393,0.15049242109060287,0.027638382255950205,0.029592037200927734,0.6005249619483948,0.19089438265809422,0.675000011920929
394,0.150248464345932,0.027569663729346394,0.028202056884765625,0.6005955338478088,0.19092635553183332,0.675000011920929
395,0.1500190192461014,0.02758009273147321,0.027962207794189453,0.600609302520752,0.19090509080341692,0.675000011920929
396,0.14979624390602111,0.027654003161986213,0.028151988983154297,0.6006240844726562,0.1908544784383306,0.675000011920929
397,0.1495601850748062,0.027654077012802862,0.028362035751342773,0.6006852984428406,0.19084999550413706,0.675000011920929
398,0.149354887008667,0.02758141744235902,0.02789592742919922,0.6007615923881531,0.190881603298914,0.675000011920929
399,0.14910359889268876,0.027562333938434914,0.02799367904663086,0.600792646408081,0.19087925040982726,0.675000011920929
400,0.1488703429698944,0.027566212562005112,0.029865026473999023,0.6008118391036987,0.1908625273258444,0.675000011920929
401,0.14869552850723267,0.02748871332877718,0.029034852981567383,0.6008503437042236,0.19088849626614887,0.675000011920929
402,0.1484113335609436,0.027503232106725086,0.02817678451538086,0.6008956432342529,0.1908733719718731,0.675000011920929
403,0.14823817312717438,0.027355678335180378,0.027818918228149414,0.6009868383407593,0.19094434747554576,0.675000011920929
404,0.14800792872905733,0.027329113109542995,0.0276949405670166,0.6010602712631226,0.19095309921566517,0.675000011920929
405,0.14772526115179063,0.02737469440920308,0.028107166290283203,0.601060152053833,0.19091364277618025,0.675000011920929
406,0.14756105124950408,0.027293452119914113,0.027622222900390625,0.6011472940444946,0.19095078189581097,0.675000011920929
407,0.14734721362590789,0.027154352790828073,0.027652263641357422,0.6012074947357178,0.19101333029777942,0.675000011920929
408,0.14709411680698395,0.027124678977180638,0.02754831314086914,0.601230800151825,0.19101519005894613,0.675000011920929
409,0.1468699735403061,0.027083195943595376,0.02797102928161621,0.6012756824493408,0.1910274079759809,0.675000011920929
410,0.14665392518043519,0.02703175645704096,0.030094146728515625,0.6013268828392029,0.19104672367445305,0.675000011920929
411,0.1464536988735199,0.026999816940629053,0.028412342071533203,0.6013912558555603,0.19105727079098433,0.675000011920929
412,0.14620134532451629,0.02708801707501409,0.02837204933166504,0.6013996005058289,0.1909986693154268,0.675000011920929
413,0.14602247685194014,0.026992398215411252,0.027616024017333984,0.6014840602874756,0.19104410046456669,0.675000011920929
414,0.14576398968696594,0.02699209679317328,0.028018951416015625,0.6015416383743286,0.19103847730164827,0.675000011920929
415,0.14560191571712494,0.026910457376424737,0.028029203414916992,0.6016201972961426,0.19107715158741376,0.675000011920929
416,0.1453493571281433,0.02690043192660134,0.027849912643432617,0.6016649603843689,0.1910726999797833,0.675000011920929
417,0.1451750510931015,0.02688694755829388,0.02806711196899414,0.6017433404922485,0.19107815797547845,0.675000011920929
418,0.14493324041366576,0.026864401196885383,0.028094053268432617,0.6017793416976929,0.19108006498185065,0.675000011920929
419,0.1447233173251152,0.0267641996104808,0.027790069580078125,0.6018432378768921,0.19112537664385493,0.675000011920929
420,0.14450480461120604,0.026715168339578016,0.030162811279296875,0.6018931865692139,0.19114379082955796,0.675000011920929
421,0.14429357051849365,0.02664512627112106,0.028736114501953125,0.6019386649131775,0.19117149847771994,0.675000011920929
422,0.14409156382083893,0.026549677175535066,0.027888774871826172,0.6019946336746216,0.19121459222576093,0.675000011920929
423,0.1438325709104538,0.026661902701300387,0.027586936950683594,0.6020188331604004,0.19114177562240622,0.675000011920929
424,0.14366089999675752,0.026660808465162136,0.02786397933959961,0.6020116209983826,0.1911242254204634,0.675000011920929
425,0.14348092198371887,0.026606755979972987,0.027844905853271484,0.6020739078521729,0.19114603898267374,0.675000011920929
426,0.14324415862560272,0.026618615705730816,0.027878999710083008,0.6020946502685547,0.19112817637560278,0.675000011920929
427,0.1430523818731308,0.02660468056858204,0.027991056442260742,0.6021444797515869,0.1911286140835864,0.675000011920929
428,0.142850643992424,0.026512094326227767,0.028107881546020508,0.6021952033042908,0.1911658699351464,0.675000011920929
429,0.1426243606209755,0.026616461468273147,0.027850866317749023,0.6022403836250305,0.1911072119057302,0.675000011920929
430,0.14248216390609741,0.02648902308836027,0.030120849609375,0.6023083925247192,0.1911613759747921,0.675000011920929
431,0.14228281795978545,0.02644893822538677,0.02907705307006836,0.6023663282394409,0.1911778042799927,0.675000011920929
432,0.14202647358179094,0.026394933480755122,0.02802872657775879,0.6024131774902344,0.19119908956091358,0.675000011920929
433,0.14184400886297227,0.026424478804503746,0.02819991111755371,0.6024478673934937,0.19117762367434527,0.675000011920929
434,0.1416577810049057,0.02631135731616242,0.028341054916381836,0.6025113463401794,0.19123059124305897,0.675000011920929
435,0.141434668302536,0.026296155797318768,0.028306961059570312,0.6025566458702087,0.19122945290737522,0.675000011920929
436,0.14122075468301773,0.02625894705633425,0.02823185920715332,0.6025964021682739,0.19123927401306426,0.675000011920929
437,0.1410513299703598,0.026179798735143298,0.027786970138549805,0.6026479601860046,0.191272494056218,0.675000011920929
438,0.14083850085735322,0.0261833667392598,0.028217077255249023,0.6026772260665894,0.19125836556163753,0.675000011920929
439,0.1406257852911949,0.026108043284177086,0.028090715408325195,0.6027200222015381,0.19128846918450024,0.675000011920929
440,0.14046627312898635,0.026020857763064512,0.029499053955078125,0.6027900576591492,0.19133265078963563,0.675000011920929
441,0.1402350804209709,0.02601256300261909,0.029098033905029297,0.6028309464454651,0.1913275194003895,0.675000011920929
442,0.1400453770160675,0.02596719583039663,0.028048038482666016,0.6028779149055481,0.19134367359446133,0.675000011920929
443,0.13986309975385666,0.025913591651805172,0.028063058853149414,0.6029359102249146,0.19136896870067563,0.675000011920929
444,0.1396735754609108,0.02584282539791256,0.028348922729492188,0.6030205488204956,0.1914080158254075,0.675000011920929
445,0.13948779612779616,0.025755932324472357,0.02807927131652832,0.6030699014663696,0.19144987849543807,0.675000011920929
446,0.13925326973199845,0.025802128223814287,0.027837753295898438,0.6030644774436951,0.19140294865483828,0.675000011920929
447,0.13906930446624755,0.025776175654454954,0.028117895126342773,0.6030809283256531,0.19140223539787438,0.675000011920929
448,0.13887339740991592,0.025793192270248354,0.027780771255493164,0.6031251549720764,0.19138479285663187,0.675000011920929
449,0.1386711359024048,0.025797901316778567,0.027699947357177734,0.6032053232192993,0.19137962191492552,0.675000011920929
450,0.13851882129907608,0.025801878810991965,0.030000925064086914,0.6032635569572449,0.19137243945268906,0.675000011920929
451,0.13833413153886795,0.025700111563343866,0.029048919677734375,0.6033455729484558,0.1914274053182135,0.675000011920929
452,0.1381286460161209,0.025637946964088252,0.028126239776611328,0.6033976078033447,0.19145530818932488,0.675000011920929
453,0.1379563495516777,0.02559235296404383,0.027939796447753906,0.6034826040267944,0.19147930621795062,0.675000011920929
454,0.1377676895260811,0.02557502355876222,0.028218984603881836,0.603512167930603,0.19147396020891974,0.675000011920929
455,0.1375476548075676,0.02554360347849892,0.02790093421936035,0.6035692095756531,0.19148621228487858,0.675000011920929
456,0.1373427054286003,0.025569224798963574,0.027904033660888672,0.6036000847816467,0.1914593702894826,0.675000011920929
457,0.13719987869262695,0.025532499124201084,0.028088808059692383,0.6036432385444641,0.19147074026461536,0.675000011920929
458,0.1369673976302147,0.02553332838606603,0.026337862014770508,0.6036775708198547,0.19145923624600614,0.675000011920929
459,0.13679656088352204,0.025574069317824695,0.026607036590576172,0.6037062406539917,0.1914274121194979,0.675000011920929
460,0.1366368740797043,0.025501226619160794,0.028629064559936523,0.603752851486206,0.19145854488092737,0.675000011920929
461,0.1364505857229233,0.025448265310240945,0.027606964111328125,0.6038047671318054,0.1914778958068137,0.675000011920929
462,0.1362542775273323,0.02541618835868889,0.02646017074584961,0.6038448810577393,0.19148584973873675,0.675000011920929
463,0.13607797354459764,0.025376853497532492,0.028004169464111328,0.6039010286331177,0.19150081394683627,0.675000011920929
464,0.13590151458978653,0.025307736093535527,0.027119874954223633,0.6039770245552063,0.19153601921204386,0.675000011920929
465,0.13571882516145706,0.02527856865166598,0.02725505828857422,0.6040353775024414,0.19154682510935825,0.675000011920929
466,0.13554132729768753,0.025328316624181068,0.02738499641418457,0.6040627956390381,0.1915087001060483,0.675000011920929
467,0.13536496758460997,0.025262687597325566,0.02809596061706543,0.6041322350502014,0.19154241502176045,0.675000011920929
468,0.13518504053354263,0.025226144423494905,0.02755117416381836,0.604179322719574,0.19155642873303425,0.675000011920929
469,0.13499377965927123,0.02516605775966313,0.02706313133239746,0.6042395234107971,0.19158413854838535,0.675000011920929
470,0.13480883747339248,0.025179719201586025,0.02961277961730957,0.6042957305908203,0.19157261953889684,0.675000011920929
471,0.13465034782886506,0.02512732026366706,0.02812480926513672,0.6043599247932434,0.19159842929215998,0.675000011920929
472,0.1344744709134102,0.025067578768538993,0.027154207229614258,0.6044156551361084,0.19162656816387102,0.675000011920929
473,0.13432241827249528,0.025006921396989713,0.026920795440673828,0.6044805645942688,0.19165499438005237,0.675000011920929
474,0.13410991102457046,0.025002489772070542,0.027099132537841797,0.6045218110084534,0.1916482306421092,0.675000011920929
475,0.13396362245082855,0.024952910416030035,0.027079105377197266,0.604575514793396,0.19167047660908051,0.675000011920929
476,0.13380365818738937,0.02492503160065972,0.028645992279052734,0.6046426892280579,0.19168019113156395,0.675000011920929
477,0.13362559974193572,0.024879401207638124,0.026771068572998047,0.6046969294548035,0.1917013083989676,0.675000011920929
478,0.13343517750501632,0.024808976739482083,0.026782989501953125,0.6047664880752563,0.19174048734586507,0.675000011920929
479,0.1332770961523056,0.024766138987714043,0.02650308609008789,0.6048182249069214,0.19175786219525315,0.675000011920929
480,0.13306205421686174,0.024859806897690725,0.031310081481933594,0.6048155426979065,0.19168639882005992,0.675000011920929
481,0.13294391572475434,0.024870326344056424,0.02837514877319336,0.6048725843429565,0.19167007182010495,0.675000011920929
482,0.13274771690368653,0.02483914291287802,0.028443098068237305,0.604937732219696,0.1916850636598258,0.675000011920929
483,0.13260574042797088,0.024683943481673302,0.028215885162353516,0.6050240397453308,0.19177574516343446,0.675000011920929
484,0.13240352481603623,0.024673238358060713,0.02747201919555664,0.6050546765327454,0.19177335440388946,0.675000011920929
485,0.13226938039064406,0.024573383809860325,0.027591943740844727,0.6051212549209595,0.1918315127995383,0.675000011920929
486,0.13205818504095077,0.024564649582800753,0.02775883674621582,0.6051533818244934,0.191823629594205,0.675000011920929
487,0.13189997017383576,0.024539039012317247,0.02750992774963379,0.6051880121231079,0.1918283893698966,0.675000011920929
488,0.131747185587883,0.02449321541221647,0.027688026428222656,0.6052594184875488,0.19185750376413266,0.675000011920929
489,0.13156918436288834,0.024508171230056733,0.029160022735595703,0.605313241481781,0.19184098816776007,0.675000011920929
490,0.13141308784484862,0.024487810507459476,0.030476808547973633,0.6053712368011475,0.1918477913883891,0.675000011920929
491,0.13124956846237182,0.024474309032200485,0.02875494956970215,0.6054098010063171,0.19184676914474258,0.675000011920929
492,0.13109501630067824,0.024423273915819357,0.02778005599975586,0.6054672598838806,0.19187255649892818,0.675000011920929
493,0.13089717119932176,0.024416569819253064,0.027931928634643555,0.6055150032043457,0.1918701912649887,0.675000011920929
494,0.13074702948331832,0.024411814698882397,0.027863025665283203,0.6055570840835571,0.19186583065965293,0.675000011920929
495,0.13060907065868377,0.024389780164810474,0.027755022048950195,0.6056197285652161,0.19187496826535705,0.675000011920929
496,0.13043685197830202,0.02435852282796661,0.02805495262145996,0.6056644320487976,0.19188655451098843,0.675000011920929
497,0.13029249519109726,0.02426807611565912,0.02807927131652832,0.6057414412498474,0.19194154841031158,0.675000011920929
498,0.13009693205356598,0.024268268979062653,0.02765178680419922,0.605787456035614,0.1919330960770997,0.675000011920929
499,0.1299614667892456,0.024273343821881562,0.027987003326416016,0.6058083176612854,0.19191668502935116,0.675000011920929
500,0.12978541880846023,0.024240810077840614,0.03006124496459961,0.6058569550514221,0.19193021812842664,0.675000011920929
